Statement,Correct,n,SlowKey.corr_mean,SlowKey.corr_raw,SlowKey.corr_std,SlowKey.keys_raw,SlowKey.rt_mean,SlowKey.rt_raw,SlowKey.rt_std,SlowKey.started_mean,SlowKey.started_raw,SlowKey.started_std,SlowKey.stopped_raw,SlowText.started_mean,SlowText.started_raw,SlowText.started_std,SlowText.stopped_raw,encouragekey.keys_raw,encouragekey.rt_mean,encouragekey.rt_raw,encouragekey.rt_std,encouragekey.started_raw,encouragekey.stopped_raw,encouragetext.started_raw,encouragetext.stopped_raw,key_resp_4.keys_raw,key_resp_4.rt_mean,key_resp_4.rt_raw,key_resp_4.rt_std,key_resp_4.started_mean,key_resp_4.started_raw,key_resp_4.started_std,key_resp_4.stopped_raw,polygon.started_mean,polygon.started_raw,polygon.started_std,polygon.stopped_mean,polygon.stopped_raw,polygon.stopped_std,text.started_mean,text.started_raw,text.started_std,text.stopped_raw,order
A minute is finite,f,1.0,1.0,1.0,0.0,'f',0.4840002655982971,0.4840002655982971,0.0,141.05828857421875,141.05828857421875,0.0,,140.5586395263672,140.5586395263672,0.0,,,,,,141.57489333179547,,141.57489333179547,,'space',0.6065949201583862,0.6065949201583862,0.0,141.57542419433594,141.57542419433594,0.0,,140.07449340820312,140.07449340820312,0.0,140.47537231445312,140.47537231445312,0.0,141.57542419433594,141.57542419433594,0.0,,31.0
A minute is infinite,j,1.0,1.0,1.0,0.0,'j',0.766282320022583,0.766282320022583,0.0,233.2151641845703,233.2151641845703,0.0,,232.71408081054688,232.71408081054688,0.0,,,,,,234.0139088408032,,234.0139088408032,,'space',0.027409525588154793,0.027409525588154793,0.0,234.0139923095703,234.0139923095703,0.0,,232.22991943359375,232.22991943359375,0.0,232.63157653808594,232.63157653808594,0.0,234.0139923095703,234.0139923095703,0.0,,68.0
A minute has an end,f,1.0,1.0,1.0,0.0,'f',0.8948084712028503,0.8948084712028503,0.0,175.72743225097656,175.72743225097656,0.0,,175.22764587402344,175.22764587402344,0.0,,,,,,176.64277419279097,,176.64277419279097,,'space',0.3297722339630127,0.3297722339630127,0.0,176.64414978027344,176.64414978027344,0.0,,174.7436981201172,174.7436981201172,0.0,175.14401245117188,175.14401245117188,0.0,176.64414978027344,176.64414978027344,0.0,,47.0
A minute is endless,j,1.0,1.0,1.0,0.0,'j',2.5195603370666504,2.5195603370666504,0.0,66.93624114990234,66.93624114990234,0.0,,66.43541717529297,66.43541717529297,0.0,,,,,,69.48622399879969,,69.48622399879969,,'space',0.4177655279636383,0.4177655279636383,0.0,69.48687744140625,69.48687744140625,0.0,,65.96926879882812,65.96926879882812,0.0,66.36978149414062,66.36978149414062,0.0,69.48687744140625,69.48687744140625,0.0,,4.0
A minute cannot go on forever,f,1.0,1.0,1.0,0.0,'f',2.0877904891967773,2.0877904891967773,0.0,216.7137451171875,216.7137451171875,0.0,,216.21377563476562,216.21377563476562,0.0,,,,,,218.82924585480941,,218.82924585480941,,'space',0.37830716371536255,0.37830716371536255,0.0,218.82894897460938,218.82894897460938,0.0,,215.72952270507812,215.72952270507812,0.0,216.1297149658203,216.1297149658203,0.0,218.82894897460938,218.82894897460938,0.0,,61.0
A minute can go on forever,j,1.0,1.0,1.0,0.0,'j',2.5066909790039062,2.5066909790039062,0.0,92.80358123779297,92.80358123779297,0.0,,92.30390167236328,92.30390167236328,0.0,,,,,,95.33772685480653,,95.33772685480653,,'space',0.13626661896705627,0.13626661896705627,0.0,95.33792114257812,95.33792114257812,0.0,,91.82118225097656,91.82118225097656,0.0,92.22525787353516,92.22525787353516,0.0,95.33792114257812,95.33792114257812,0.0,,11.0
A minute cannot be further divided,j,1.0,1.0,1.0,0.0,'j',3.553506851196289,3.553506851196289,0.0,57.684837341308594,57.684837341308594,0.0,,57.18498229980469,57.18498229980469,0.0,,,,,,61.269045006803935,,61.269045006803935,,'space',0.47050997614860535,0.47050997614860535,0.0,61.26980972290039,61.26980972290039,0.0,,56.70193862915039,56.70193862915039,0.0,57.10193634033203,57.10193634033203,0.0,61.26980972290039,61.26980972290039,0.0,,1.0
A minute can be further divided,f,0.0,,,,'--',,,,,,,'--',,,,'--','--',,,,'--','--','--','--','--',,,,,,,'--',,,,,,,,,,'--',
An inch is finite,f,0.0,,,,'--',,,,,,,'--',,,,'--','--',,,,'--','--','--','--','--',,,,,,,'--',,,,,,,,,,'--',
An inch is infinite,j,0.0,,,,'--',,,,,,,'--',,,,'--','--',,,,'--','--','--','--','--',,,,,,,'--',,,,,,,,,,'--',
An inch has an end,f,0.0,,,,'--',,,,,,,'--',,,,'--','--',,,,'--','--','--','--','--',,,,,,,'--',,,,,,,,,,'--',
An inch is endless,j,1.0,1.0,1.0,0.0,'j',1.9963231086730957,1.9963231086730957,0.0,153.62509155273438,153.62509155273438,0.0,,153.12596130371094,153.12596130371094,0.0,,,,,,155.64205324978684,,155.64205324978684,,'space',0.10306976735591888,0.10306976735591888,0.0,155.6423797607422,155.6423797607422,0.0,,152.64260864257812,152.64260864257812,0.0,153.0419921875,153.0419921875,0.0,155.6423797607422,155.6423797607422,0.0,,37.0
An inch cannot go on forever,f,0.0,,,,'--',,,,,,,'--',,,,'--','--',,,,'--','--','--','--','--',,,,,,,'--',,,,,,,,,,'--',
An inch can go on forever,j,0.0,,,,'--',,,,,,,'--',,,,'--','--',,,,'--','--','--','--','--',,,,,,,'--',,,,,,,,,,'--',
An inch cannot be further divided,j,0.0,,,,'--',,,,,,,'--',,,,'--','--',,,,'--','--','--','--','--',,,,,,,'--',,,,,,,,,,'--',
An inch can be further divided,f,0.0,,,,'--',,,,,,,'--',,,,'--','--',,,,'--','--','--','--','--',,,,,,,'--',,,,,,,,,,'--',
Intervals of time can be finite,f,0.0,,,,'--',,,,,,,'--',,,,'--','--',,,,'--','--','--','--','--',,,,,,,'--',,,,,,,,,,'--',
Intervals of time can be infinite,f,0.0,,,,'--',,,,,,,'--',,,,'--','--',,,,'--','--','--','--','--',,,,,,,'--',,,,,,,,,,'--',
Intervals of time can have an end,f,1.0,1.0,1.0,0.0,'f',3.2152156829833984,3.2152156829833984,0.0,119.28939056396484,119.28939056396484,0.0,,118.79022979736328,118.79022979736328,0.0,,,,,,122.52268069778802,,122.52268069778802,,'space',0.13292092084884644,0.13292092084884644,0.0,122.52267456054688,122.52267456054688,0.0,,118.29048156738281,118.29048156738281,0.0,118.690185546875,118.690185546875,0.0,122.52267456054688,122.52267456054688,0.0,,21.0
Intervals of time can be endless,f,1.0,1.0,1.0,0.0,'f',0.7561455368995667,0.7561455368995667,0.0,173.69415283203125,173.69415283203125,0.0,,173.19419860839844,173.19419860839844,0.0,,,,,,174.47643276379677,,174.47643276379677,,'space',0.2176804542541504,0.2176804542541504,0.0,174.4774169921875,174.4774169921875,0.0,,172.7103271484375,172.7103271484375,0.0,173.110107421875,173.110107421875,0.0,174.4774169921875,174.4774169921875,0.0,,46.0
Intervals of time cannot go on forever,f,1.0,0.0,0.0,0.0,'j',5.359855651855469,5.359855651855469,0.0,85.77185821533203,85.77185821533203,0.0,,85.271484375,85.271484375,0.0,,,,,,91.1541796188103,,91.1541796188103,,'space',0.6359638571739197,0.6359638571739197,0.0,91.1553955078125,91.1553955078125,0.0,,84.78826904296875,84.78826904296875,0.0,85.18797302246094,85.18797302246094,0.0,91.1553955078125,91.1553955078125,0.0,,10.0
Intervals of time can go on forever,f,1.0,1.0,1.0,0.0,'f',0.7220860123634338,0.7220860123634338,0.0,164.9257049560547,164.9257049560547,0.0,,164.4271240234375,164.4271240234375,0.0,,,,,,165.6756880597968,,165.6756880597968,,'space',0.10749433189630508,0.10749433189630508,0.0,165.67630004882812,165.67630004882812,0.0,,163.94256591796875,163.94256591796875,0.0,164.34365844726562,164.34365844726562,0.0,165.67630004882812,165.67630004882812,0.0,,41.0
Intervals of time cannot be further divided,f,0.0,,,,'--',,,,,,,'--',,,,'--','--',,,,'--','--','--','--','--',,,,,,,'--',,,,,,,,,,'--',
Intervals of time can be further divided,f,1.0,1.0,1.0,0.0,'f',3.984187602996826,3.984187602996826,0.0,238.7141571044922,238.7141571044922,0.0,,238.21400451660156,238.21400451660156,0.0,,,,,,242.71548984778929,,242.71548984778929,,'space',0.11936632543802261,0.11936632543802261,0.0,242.71546936035156,242.71546936035156,0.0,,237.7473907470703,237.7473907470703,0.0,238.14712524414062,238.14712524414062,0.0,242.71546936035156,242.71546936035156,0.0,,71.0
Spatial intervals can be finite,f,1.0,1.0,1.0,0.0,'f',1.09957754611969,1.09957754611969,0.0,109.57181549072266,109.57181549072266,0.0,,109.07276153564453,109.07276153564453,0.0,,,,,,110.68840842379723,,110.68840842379723,,'space',0.16019998490810394,0.16019998490810394,0.0,110.68888092041016,110.68888092041016,0.0,,108.5890121459961,108.5890121459961,0.0,108.98995208740234,108.98995208740234,0.0,110.68888092041016,110.68888092041016,0.0,,18.0
Spatial intervals can be infinite,f,1.0,1.0,1.0,0.0,'f',1.4612479209899902,1.4612479209899902,0.0,258.06561279296875,258.06561279296875,0.0,,257.5666809082031,257.5666809082031,0.0,,,,,,259.54976963679655,,259.54976963679655,,'space',0.13308683037757874,0.13308683037757874,0.0,259.5500183105469,259.5500183105469,0.0,,257.08270263671875,257.08270263671875,0.0,257.48333740234375,257.48333740234375,0.0,259.5500183105469,259.5500183105469,0.0,,75.0
Spatial intervals  can have an end,f,1.0,1.0,1.0,0.0,'f',1.9794095754623413,1.9794095754623413,0.0,131.12338256835938,131.12338256835938,0.0,,130.62319946289062,130.62319946289062,0.0,,,,,,133.1230341407936,,133.1230341407936,,'space',0.15734392404556274,0.15734392404556274,0.0,133.12327575683594,133.12327575683594,0.0,,130.14022827148438,130.14022827148438,0.0,130.54025268554688,130.54025268554688,0.0,133.12327575683594,133.12327575683594,0.0,,26.0
Spatial intervals can be endless,f,0.0,,,,'--',,,,,,,'--',,,,'--','--',,,,'--','--','--','--','--',,,,,,,'--',,,,,,,,,,'--',
Spatial intervals cannot go on forever,f,0.0,,,,'--',,,,,,,'--',,,,'--','--',,,,'--','--','--','--','--',,,,,,,'--',,,,,,,,,,'--',
Spatial intervals can go on forever,f,1.0,1.0,1.0,0.0,'f',2.2777469158172607,2.2777469158172607,0.0,111.8722152709961,111.8722152709961,0.0,,111.37197875976562,111.37197875976562,0.0,,,,,,114.17209451680537,,114.17209451680537,,'space',0.16544945538043976,0.16544945538043976,0.0,114.1725845336914,114.1725845336914,0.0,,110.88924407958984,110.88924407958984,0.0,111.28874969482422,111.28874969482422,0.0,114.1725845336914,114.1725845336914,0.0,,19.0
Spatial intervals cannot be further divided,f,1.0,0.0,0.0,0.0,'j',5.800256729125977,5.800256729125977,0.0,195.54522705078125,195.54522705078125,0.0,,195.04562377929688,195.04562377929688,0.0,,,,,,201.37871925378568,,201.37871925378568,,'space',0.05484994128346443,0.05484994128346443,0.0,201.37857055664062,201.37857055664062,0.0,,194.5784454345703,194.5784454345703,0.0,194.9781036376953,194.9781036376953,0.0,201.37857055664062,201.37857055664062,0.0,,55.0
Spatial intervals can be further divided,f,0.0,,,,'--',,,,,,,'--',,,,'--','--',,,,'--','--','--','--','--',,,,,,,'--',,,,,,,,,,'--',
Numerical intervals can be finite,f,0.0,,,,'--',,,,,,,'--',,,,'--','--',,,,'--','--','--','--','--',,,,,,,'--',,,,,,,,,,'--',
Numerical intervals can be infinite,f,1.0,1.0,1.0,0.0,'f',0.8143583536148071,0.8143583536148071,0.0,129.10665893554688,129.10665893554688,0.0,,128.60629272460938,128.60629272460938,0.0,,,,,,129.94009639578871,,129.94009639578871,,'space',0.1580977886915207,0.1580977886915207,0.0,129.93975830078125,129.93975830078125,0.0,,128.12274169921875,128.12274169921875,0.0,128.523193359375,128.523193359375,0.0,129.93975830078125,129.93975830078125,0.0,,25.0
Numerical intervals can have an end,f,0.0,,,,'--',,,,,,,'--',,,,'--','--',,,,'--','--','--','--','--',,,,,,,'--',,,,,,,,,,'--',
Numerical intervals can be endless,f,0.0,,,,'--',,,,,,,'--',,,,'--','--',,,,'--','--','--','--','--',,,,,,,'--',,,,,,,,,,'--',
Numerical intervals cannot go on forever,f,0.0,,,,'--',,,,,,,'--',,,,'--','--',,,,'--','--','--','--','--',,,,,,,'--',,,,,,,,,,'--',
Numerical intervals can go on forever,f,1.0,1.0,1.0,0.0,'f',4.86335563659668,4.86335563659668,0.0,209.3453826904297,209.3453826904297,0.0,,208.84536743164062,208.84536743164062,0.0,,,,,,214.22911941481289,,214.22911941481289,,'space',0.1394890546798706,0.1394890546798706,0.0,214.22930908203125,214.22930908203125,0.0,,208.36151123046875,208.36151123046875,0.0,208.7615966796875,208.7615966796875,0.0,214.22930908203125,214.22930908203125,0.0,,59.0
Numerical intervals cannot be further divided,f,1.0,0.0,0.0,0.0,'j',8.210419654846191,8.210419654846191,0.0,245.2989959716797,245.2989959716797,0.0,,244.79910278320312,244.79910278320312,0.0,,,,,,253.5321952968079,,253.5321952968079,,'space',0.09748470038175583,0.09748470038175583,0.0,253.53175354003906,253.53175354003906,0.0,,244.31661987304688,244.31661987304688,0.0,244.73179626464844,244.73179626464844,0.0,253.53175354003906,253.53175354003906,0.0,,73.0
Numerical intervals can be further divided,f,0.0,,,,'--',,,,,,,'--',,,,'--','--',,,,'--','--','--','--','--',,,,,,,'--',,,,,,,,,,'--',
Time is finite,j,1.0,1.0,1.0,0.0,'j',0.39575421810150146,0.39575421810150146,0.0,172.127685546875,172.127685546875,0.0,,171.62594604492188,171.62594604492188,0.0,,,,,,172.5432499978051,,172.5432499978051,,'space',0.15041933953762054,0.15041933953762054,0.0,172.54354858398438,172.54354858398438,0.0,,171.1591033935547,171.1591033935547,0.0,171.5596466064453,171.5596466064453,0.0,172.54354858398438,172.54354858398438,0.0,,45.0
Time is infinite,f,1.0,1.0,1.0,0.0,'f',0.3292580544948578,0.3292580544948578,0.0,263.01531982421875,263.01531982421875,0.0,,262.5157165527344,262.5157165527344,0.0,,,,,,263.3652396808029,,263.3652396808029,,'space',0.09897235780954361,0.09897235780954361,0.0,263.3656921386719,263.3656921386719,0.0,,262.0500793457031,262.0500793457031,0.0,262.4656677246094,262.4656677246094,0.0,263.3656921386719,263.3656921386719,0.0,,77.0
Time has an end,j,1.0,1.0,1.0,0.0,'j',0.4743707776069641,0.4743707776069641,0.0,229.79742431640625,229.79742431640625,0.0,,229.29791259765625,229.29791259765625,0.0,,,,,,230.29634060981334,,230.29634060981334,,'space',0.057402025908231735,0.057402025908231735,0.0,230.29830932617188,230.29830932617188,0.0,,228.8148956298828,228.8148956298828,0.0,229.21408081054688,229.21408081054688,0.0,230.29830932617188,230.29830932617188,0.0,,66.0
Time is endless,f,1.0,1.0,1.0,0.0,'f',0.5582712888717651,0.5582712888717651,0.0,115.33892059326172,115.33892059326172,0.0,,114.83875274658203,114.83875274658203,0.0,,'space',0.14915665984153748,0.14915665984153748,0.0,115.92189852299634,,115.92189852299634,,'space',2.1673765182495117,2.1673765182495117,0.0,116.08942413330078,116.08942413330078,0.0,,114.37193298339844,114.37193298339844,0.0,114.77183532714844,114.77183532714844,0.0,116.08942413330078,116.08942413330078,0.0,,20.0
Time cannot go on forever,j,0.0,,,,'--',,,,,,,'--',,,,'--','--',,,,'--','--','--','--','--',,,,,,,'--',,,,,,,,,,'--',
Time can go on forever,f,0.0,,,,'--',,,,,,,'--',,,,'--','--',,,,'--','--','--','--','--',,,,,,,'--',,,,,,,,,,'--',
Time cannot be further divided,j,0.0,,,,'--',,,,,,,'--',,,,'--','--',,,,'--','--','--','--','--',,,,,,,'--',,,,,,,,,,'--',
Time can be further divided,f,0.0,,,,'--',,,,,,,'--',,,,'--','--',,,,'--','--','--','--','--',,,,,,,'--',,,,,,,,,,'--',
Space is finite,j,0.0,,,,'--',,,,,,,'--',,,,'--','--',,,,'--','--','--','--','--',,,,,,,'--',,,,,,,,,,'--',
Space is infinite,f,1.0,1.0,1.0,0.0,'f',0.5250999331474304,0.5250999331474304,0.0,267.0675354003906,267.0675354003906,0.0,,266.5675048828125,266.5675048828125,0.0,,,,,,267.61664080180344,,267.61664080180344,,'space',0.11160571873188019,0.11160571873188019,0.0,267.6167907714844,267.6167907714844,0.0,,266.0828552246094,266.0828552246094,0.0,266.4841613769531,266.4841613769531,0.0,267.6167907714844,267.6167907714844,0.0,,79.0
Space has an end,j,1.0,1.0,1.0,0.0,'j',1.7008049488067627,1.7008049488067627,0.0,204.7287139892578,204.7287139892578,0.0,,204.22999572753906,204.22999572753906,0.0,,,,,,206.44637741780025,,206.44637741780025,,'space',0.07458152621984482,0.07458152621984482,0.0,206.44647216796875,206.44647216796875,0.0,,203.74575805664062,203.74575805664062,0.0,204.1462860107422,204.1462860107422,0.0,206.44647216796875,206.44647216796875,0.0,,57.0
Space is endless,f,0.0,,,,'--',,,,,,,'--',,,,'--','--',,,,'--','--','--','--','--',,,,,,,'--',,,,,,,,,,'--',
Space cannot go on forever,j,0.0,,,,'--',,,,,,,'--',,,,'--','--',,,,'--','--','--','--','--',,,,,,,'--',,,,,,,,,,'--',
Space can go on forever,f,1.0,1.0,1.0,0.0,'f',0.5381820797920227,0.5381820797920227,0.0,177.97775268554688,177.97775268554688,0.0,,177.47779846191406,177.47779846191406,0.0,,,,,,178.54431987079442,,178.54431987079442,,'space',0.1436985284090042,0.1436985284090042,0.0,178.5442352294922,178.5442352294922,0.0,,176.9938201904297,176.9938201904297,0.0,177.3944549560547,177.3944549560547,0.0,178.5442352294922,178.5442352294922,0.0,,48.0
Space cannot be further divided,j,1.0,1.0,1.0,0.0,'j',4.912674427032471,4.912674427032471,0.0,75.38741302490234,75.38741302490234,0.0,,74.88681030273438,74.88681030273438,0.0,,,,,,80.32021939879633,,80.32021939879633,,'space',0.44034796953201294,0.44034796953201294,0.0,80.319580078125,80.319580078125,0.0,,74.40371704101562,74.40371704101562,0.0,74.80394744873047,74.80394744873047,0.0,80.319580078125,80.319580078125,0.0,,7.0
Space can be further divided,f,0.0,,,,'--',,,,,,,'--',,,,'--','--',,,,'--','--','--','--','--',,,,,,,'--',,,,,,,,,,'--',
Numbers are finite,j,1.0,0.0,0.0,0.0,'f',0.514816164970398,0.514816164970398,0.0,137.84083557128906,137.84083557128906,0.0,,137.3415985107422,137.3415985107422,0.0,,,,,,138.37455838778988,,138.37455838778988,,'space',0.12535743415355682,0.12535743415355682,0.0,138.3740234375,138.3740234375,0.0,,136.85726928710938,136.85726928710938,0.0,137.2583770751953,137.2583770751953,0.0,138.3740234375,138.3740234375,0.0,,29.0
Numbers are infinite,f,0.0,,,,'--',,,,,,,'--',,,,'--','--',,,,'--','--','--','--','--',,,,,,,'--',,,,,,,,,,'--',
Numbers have an end,j,1.0,1.0,1.0,0.0,'j',2.790255069732666,2.790255069732666,0.0,156.75990295410156,156.75990295410156,0.0,,156.25938415527344,156.25938415527344,0.0,,,,,,159.57515991679975,,159.57515991679975,,'space',0.11808361858129501,0.11808361858129501,0.0,159.5749053955078,159.5749053955078,0.0,,155.77503967285156,155.77503967285156,0.0,156.17596435546875,156.17596435546875,0.0,159.5749053955078,159.5749053955078,0.0,,38.0
Numbers are endless,f,0.0,,,,'--',,,,,,,'--',,,,'--','--',,,,'--','--','--','--','--',,,,,,,'--',,,,,,,,,,'--',
Numbers cannot go on forever,j,0.0,,,,'--',,,,,,,'--',,,,'--','--',,,,'--','--','--','--','--',,,,,,,'--',,,,,,,,,,'--',
Numbers can go on forever,f,1.0,1.0,1.0,0.0,'f',0.8959579467773438,0.8959579467773438,0.0,160.72525024414062,160.72525024414062,0.0,,160.22564697265625,160.22564697265625,0.0,,,,,,161.64176097579184,,161.64176097579184,,'space',0.1793462038040161,0.1793462038040161,0.0,161.64263916015625,161.64263916015625,0.0,,159.7257080078125,159.7257080078125,0.0,160.12594604492188,160.12594604492188,0.0,161.64263916015625,161.64263916015625,0.0,,39.0
Numbers cannot be further divided,j,1.0,1.0,1.0,0.0,'j',2.3125734329223633,2.3125734329223633,0.0,254.63250732421875,254.63250732421875,0.0,,254.1326446533203,254.1326446533203,0.0,,,,,,256.9651843397878,,256.9651843397878,,'space',0.08639312535524368,0.08639312535524368,0.0,256.96649169921875,256.96649169921875,0.0,,253.6658935546875,253.6658935546875,0.0,254.0659637451172,254.0659637451172,0.0,256.96649169921875,256.96649169921875,0.0,,74.0
Numbers can be further divided,f,0.0,,,,'--',,,,,,,'--',,,,'--','--',,,,'--','--','--','--','--',,,,,,,'--',,,,,,,,,,'--',
Five is finite,f,1.0,1.0,1.0,0.0,'f',1.6126132011413574,1.6126132011413574,0.0,185.69491577148438,185.69491577148438,0.0,,185.19407653808594,185.19407653808594,0.0,,,,,,187.3274293007853,,187.3274293007853,,'space',0.12328896671533585,0.12328896671533585,0.0,187.3282012939453,187.3282012939453,0.0,,184.70999145507812,184.70999145507812,0.0,185.1118927001953,185.1118927001953,0.0,187.3282012939453,187.3282012939453,0.0,,52.0
Five is infinite,j,1.0,1.0,1.0,0.0,'j',0.6113547086715698,0.6113547086715698,0.0,123.68903350830078,123.68903350830078,0.0,,123.18917083740234,123.18917083740234,0.0,,,,,,124.32293574081268,,124.32293574081268,,'space',0.10051997750997543,0.10051997750997543,0.0,124.32365417480469,124.32365417480469,0.0,,122.7061767578125,122.7061767578125,0.0,123.10614013671875,123.10614013671875,0.0,124.32365417480469,124.32365417480469,0.0,,22.0
Five has an end,f,0.0,,,,'--',,,,,,,'--',,,,'--','--',,,,'--','--','--','--','--',,,,,,,'--',,,,,,,,,,'--',
Five is endless,j,1.0,1.0,1.0,0.0,'j',1.4563905000686646,1.4563905000686646,0.0,264.4661560058594,264.4661560058594,0.0,,263.9659118652344,263.9659118652344,0.0,,,,,,265.9491683357919,,265.9491683357919,,'space',0.11521710455417633,0.11521710455417633,0.0,265.9492492675781,265.9492492675781,0.0,,263.4992370605469,263.4992370605469,0.0,263.8990173339844,263.8990173339844,0.0,265.9492492675781,265.9492492675781,0.0,,78.0
Five cannot go on forever,f,0.0,,,,'--',,,,,,,'--',,,,'--','--',,,,'--','--','--','--','--',,,,,,,'--',,,,,,,,,,'--',
Five can go on forever,j,0.0,,,,'--',,,,,,,'--',,,,'--','--',,,,'--','--','--','--','--',,,,,,,'--',,,,,,,,,,'--',
Five cannot be further divided,j,1.0,1.0,1.0,0.0,'j',3.4254977703094482,3.4254977703094482,0.0,221.8477020263672,221.8477020263672,0.0,,221.36363220214844,221.36363220214844,0.0,,,,,,225.29680182080483,,225.29680182080483,,'space',0.05090656504034996,0.05090656504034996,0.0,225.29795837402344,225.29795837402344,0.0,,220.8793182373047,220.8793182373047,0.0,221.2803955078125,221.2803955078125,0.0,225.29795837402344,225.29795837402344,0.0,,63.0
Five can be further divided,f,1.0,1.0,1.0,0.0,'f',1.7254835367202759,1.7254835367202759,0.0,150.7261505126953,150.7261505126953,0.0,,150.2257537841797,150.2257537841797,0.0,,,,,,152.47504236278473,,152.47504236278473,,'space',0.14346812665462494,0.14346812665462494,0.0,152.47598266601562,152.47598266601562,0.0,,149.74252319335938,149.74252319335938,0.0,150.14276123046875,150.14276123046875,0.0,152.47598266601562,152.47598266601562,0.0,,36.0
Crocodiles are alive,f,1.0,1.0,1.0,0.0,'f',0.2331445962190628,0.2331445962190628,0.0,243.8656463623047,243.8656463623047,0.0,,243.36529541015625,243.36529541015625,0.0,,,,,,244.13117511878954,,244.13117511878954,,'space',0.1571725308895111,0.1571725308895111,0.0,244.13169860839844,244.13169860839844,0.0,,242.88201904296875,242.88201904296875,0.0,243.2978057861328,243.2978057861328,0.0,244.13169860839844,244.13169860839844,0.0,,72.0
Pelicans are alive,f,1.0,1.0,1.0,0.0,'f',0.4460891783237457,0.4460891783237457,0.0,104.78842163085938,104.78842163085938,0.0,,104.28816986083984,104.28816986083984,0.0,,,,,,105.25476222779253,,105.25476222779253,,'space',0.18562887609004974,0.18562887609004974,0.0,105.25491333007812,105.25491333007812,0.0,,103.78919982910156,103.78919982910156,0.0,104.20475769042969,104.20475769042969,0.0,105.25491333007812,105.25491333007812,0.0,,15.0
Turtles need nutrients,f,1.0,1.0,1.0,0.0,'f',0.3671627640724182,0.3671627640724182,0.0,226.3813934326172,226.3813934326172,0.0,,225.88096618652344,225.88096618652344,0.0,,,,,,226.77935085780337,,226.77935085780337,,'space',0.06692305952310562,0.06692305952310562,0.0,226.78103637695312,226.78103637695312,0.0,,225.3965606689453,225.3965606689453,0.0,225.79771423339844,225.79771423339844,0.0,226.78103637695312,226.78103637695312,0.0,,64.0
Tigers reproduce,f,0.0,,,,'--',,,,,,,'--',,,,'--','--',,,,'--','--','--','--','--',,,,,,,'--',,,,,,,,,,'--',
Frogs reproduce,f,1.0,1.0,1.0,0.0,'f',0.10486983507871628,0.10486983507871628,0.0,134.28993225097656,134.28993225097656,0.0,,133.78958129882812,133.78958129882812,0.0,,,,,,134.42284265780472,,134.42284265780472,,'space',0.14333203434944153,0.14333203434944153,0.0,134.42324829101562,134.42324829101562,0.0,,133.30682373046875,133.30682373046875,0.0,133.70687866210938,133.70687866210938,0.0,134.42324829101562,134.42324829101562,0.0,,27.0
Bricks can be put in a container,f,1.0,1.0,1.0,0.0,'f',0.5241128206253052,0.5241128206253052,0.0,107.87238311767578,107.87238311767578,0.0,,107.37284851074219,107.37284851074219,0.0,,,,,,108.42277974679018,,108.42277974679018,,'space',0.12479552626609802,0.12479552626609802,0.0,108.4233169555664,108.4233169555664,0.0,,106.88947296142578,106.88947296142578,0.0,107.28768920898438,107.28768920898438,0.0,108.4233169555664,108.4233169555664,0.0,,17.0
Dumbells are composed of matter,f,1.0,1.0,1.0,0.0,'f',1.0394350290298462,1.0394350290298462,0.0,183.511474609375,183.511474609375,0.0,,183.01129150390625,183.01129150390625,0.0,,,,,,184.57788434778922,,184.57788434778922,,'space',0.11584243178367615,0.11584243178367615,0.0,184.57882690429688,184.57882690429688,0.0,,182.52708435058594,182.52708435058594,0.0,182.92857360839844,182.92857360839844,0.0,184.57882690429688,184.57882690429688,0.0,,51.0
Concrete is composed of matter,f,1.0,1.0,1.0,0.0,'f',0.5272730588912964,0.5272730588912964,0.0,127.38981628417969,127.38981628417969,0.0,,126.88957977294922,126.88957977294922,0.0,,,,,,127.93981669979985,,127.93981669979985,,'space',0.1442899852991104,0.1442899852991104,0.0,127.93971252441406,127.93971252441406,0.0,,126.406005859375,126.406005859375,0.0,126.80643463134766,126.80643463134766,0.0,127.93971252441406,127.93971252441406,0.0,,24.0
Diamonds have a molecular structure,f,0.0,,,,'--',,,,,,,'--',,,,'--','--',,,,'--','--','--','--','--',,,,,,,'--',,,,,,,,,,'--',
Rocks have a molecular structure,f,0.0,,,,'--',,,,,,,'--',,,,'--','--',,,,'--','--','--','--','--',,,,,,,'--',,,,,,,,,,'--',
Clocks are alive,j,0.0,,,,'--',,,,,,,'--',,,,'--','--',,,,'--','--','--','--','--',,,,,,,'--',,,,,,,,,,'--',
Comets are alive,j,0.0,,,,'--',,,,,,,'--',,,,'--','--',,,,'--','--','--','--','--',,,,,,,'--',,,,,,,,,,'--',
Robots need nutrients,j,1.0,1.0,1.0,0.0,'j',0.8119757175445557,0.8119757175445557,0.0,227.8468017578125,227.8468017578125,0.0,,227.36312866210938,227.36312866210938,0.0,,,,,,228.6797328607936,,228.6797328607936,,'space',0.10175623744726181,0.10175623744726181,0.0,228.68089294433594,228.68089294433594,0.0,,226.86447143554688,226.86447143554688,0.0,227.28033447265625,227.28033447265625,0.0,228.68089294433594,228.68089294433594,0.0,,65.0
Sailboats reproduce,j,0.0,,,,'--',,,,,,,'--',,,,'--','--',,,,'--','--','--','--','--',,,,,,,'--',,,,,,,,,,'--',
Helicopters reproduce,j,1.0,1.0,1.0,0.0,'j',0.42138898372650146,0.42138898372650146,0.0,62.76914978027344,62.76914978027344,0.0,,62.26860046386719,62.26860046386719,0.0,,,,,,63.21800796780735,,63.21800796780735,,'space',0.3539949059486389,0.3539949059486389,0.0,63.21910095214844,63.21910095214844,0.0,,61.786346435546875,61.786346435546875,0.0,62.202880859375,62.202880859375,0.0,63.21910095214844,63.21910095214844,0.0,,2.0
Color can be put in a container,j,0.0,,,,'--',,,,,,,'--',,,,'--','--',,,,'--','--','--','--','--',,,,,,,'--',,,,,,,,,,'--',
Echoes are composed of matter,j,0.0,,,,'--',,,,,,,'--',,,,'--','--',,,,'--','--','--','--','--',,,,,,,'--',,,,,,,,,,'--',
Shadows are composed of matter,j,1.0,1.0,1.0,0.0,'j',0.9368302822113037,0.9368302822113037,0.0,162.82716369628906,162.82716369628906,0.0,,162.32687377929688,162.32687377929688,0.0,,,,,,163.79188222979428,,163.79188222979428,,'space',0.13278067111968994,0.13278067111968994,0.0,163.79225158691406,163.79225158691406,0.0,,161.8435821533203,161.8435821533203,0.0,162.2587127685547,162.2587127685547,0.0,163.79225158691406,163.79225158691406,0.0,,40.0
Music has a molecular structure,j,0.0,,,,'--',,,,,,,'--',,,,'--','--',,,,'--','--','--','--','--',,,,,,,'--',,,,,,,,,,'--',
Gravity has a molecular structure,j,0.0,,,,'--',,,,,,,'--',,,,'--','--',,,,'--','--','--','--','--',,,,,,,'--',,,,,,,,,,'--',
Algae is alive,f,1.0,1.0,1.0,0.0,'f',1.1297250986099243,1.1297250986099243,0.0,54.75114440917969,54.75114440917969,0.0,,54.25170135498047,54.25170135498047,0.0,,,,,,55.9013995777932,,55.9013995777932,,'space',0.7727389335632324,0.7727389335632324,0.0,55.90279006958008,55.90279006958008,0.0,,53.76784896850586,53.76784896850586,0.0,54.169986724853516,54.169986724853516,0.0,55.90279006958008,55.90279006958008,0.0,,0.0
Bacteria are alive,f,0.0,,,,'--',,,,,,,'--',,,,'--','--',,,,'--','--','--','--','--',,,,,,,'--',,,,,,,,,,'--',
Grass needs nutrients,f,0.0,,,,'--',,,,,,,'--',,,,'--','--',,,,'--','--','--','--','--',,,,,,,'--',,,,,,,,,,'--',
Oaks reproduce,f,1.0,1.0,1.0,0.0,'f',0.23309117555618286,0.23309117555618286,0.0,182.1117401123047,182.1117401123047,0.0,,181.611083984375,181.611083984375,0.0,,,,,,182.3772608198051,,182.3772608198051,,'space',0.12251023948192596,0.12251023948192596,0.0,182.3782196044922,182.3782196044922,0.0,,181.12757873535156,181.12757873535156,0.0,181.54486083984375,181.54486083984375,0.0,182.3782196044922,182.3782196044922,0.0,,50.0
Mushrooms reproduce,f,1.0,1.0,1.0,0.0,'f',1.2884241342544556,1.2884241342544556,0.0,70.93718719482422,70.93718719482422,0.0,,70.43680572509766,70.43680572509766,0.0,,,,,,72.2522610607848,,72.2522610607848,,'space',0.3742161691188812,0.3742161691188812,0.0,72.25232696533203,72.25232696533203,0.0,,69.9363784790039,69.9363784790039,0.0,70.33722686767578,70.33722686767578,0.0,72.25232696533203,72.25232696533203,0.0,,5.0
Bubbles can be put in a container,f,1.0,1.0,1.0,0.0,'f',1.0929293632507324,1.0929293632507324,0.0,135.5746612548828,135.5746612548828,0.0,,135.07327270507812,135.07327270507812,0.0,,,,,,136.69067435979377,,136.69067435979377,,'space',0.14021258056163788,0.14021258056163788,0.0,136.69142150878906,136.69142150878906,0.0,,134.59104919433594,134.59104919433594,0.0,134.99041748046875,134.99041748046875,0.0,136.69142150878906,136.69142150878906,0.0,,28.0
Foam is composed of matter,f,1.0,1.0,1.0,0.0,'f',0.7467217445373535,0.7467217445373535,0.0,125.43949127197266,125.43949127197266,0.0,,124.94029235839844,124.94029235839844,0.0,,,,,,126.20590155679383,,126.20590155679383,,'space',0.1778009980916977,0.1778009980916977,0.0,126.20622253417969,126.20622253417969,0.0,,124.45578002929688,124.45578002929688,0.0,124.85636901855469,124.85636901855469,0.0,126.20622253417969,126.20622253417969,0.0,,23.0
Frost is composed of matter,f,0.0,,,,'--',,,,,,,'--',,,,'--','--',,,,'--','--','--','--','--',,,,,,,'--',,,,,,,,,,'--',
Pollen has a molecular structure,f,0.0,,,,'--',,,,,,,'--',,,,'--','--',,,,'--','--','--','--','--',,,,,,,'--',,,,,,,,,,'--',
Saliva has a molecular structure,f,1.0,1.0,1.0,0.0,'f',0.5030049085617065,0.5030049085617065,0.0,143.19216918945312,143.19216918945312,0.0,,142.69253540039062,142.69253540039062,0.0,,,,,,143.72401719380287,,143.72401719380287,,'space',0.11722695082426071,0.11722695082426071,0.0,143.72569274902344,143.72569274902344,0.0,,142.20736694335938,142.20736694335938,0.0,142.6085662841797,142.6085662841797,0.0,143.72569274902344,143.72569274902344,0.0,,32.0
Hammers are alive,j,1.0,0.0,0.0,0.0,'f',0.23827329277992249,0.23827329277992249,0.0,106.45619201660156,106.45619201660156,0.0,,105.9552001953125,105.9552001953125,0.0,,,,,,106.72242200479377,,106.72242200479377,,'space',0.1476808786392212,0.1476808786392212,0.0,106.72270202636719,106.72270202636719,0.0,,105.48806762695312,105.48806762695312,0.0,105.888427734375,105.888427734375,0.0,106.72270202636719,106.72270202636719,0.0,,16.0
Forks are alive,j,1.0,1.0,1.0,0.0,'j',0.5775537490844727,0.5775537490844727,0.0,193.89578247070312,193.89578247070312,0.0,,193.39585876464844,193.39585876464844,0.0,,,,,,194.49403118580813,,194.49403118580813,,'space',0.04865684732794762,0.04865684732794762,0.0,194.49623107910156,194.49623107910156,0.0,,192.91175842285156,192.91175842285156,0.0,193.3124237060547,193.3124237060547,0.0,194.49623107910156,194.49623107910156,0.0,,54.0
Mittens need nutrients,j,1.0,1.0,1.0,0.0,'j',0.4231903851032257,0.4231903851032257,0.0,81.78775787353516,81.78775787353516,0.0,,81.28662872314453,81.28662872314453,0.0,,,,,,82.23604155078647,,82.23604155078647,,'space',0.3500218093395233,0.3500218093395233,0.0,82.236083984375,82.236083984375,0.0,,80.80326080322266,80.80326080322266,0.0,81.20325469970703,81.20325469970703,0.0,82.236083984375,82.236083984375,0.0,,8.0
Tables reproduce,j,0.0,,,,'--',,,,,,,'--',,,,'--','--',,,,'--','--','--','--','--',,,,,,,'--',,,,,,,,,,'--',
Stones reproduce,j,1.0,0.0,0.0,0.0,'f',0.3840740919113159,0.3840740919113159,0.0,139.50828552246094,139.50828552246094,0.0,,139.0085906982422,139.0085906982422,0.0,,,,,,139.92519728880143,,139.92519728880143,,'space',0.1287945806980133,0.1287945806980133,0.0,139.924560546875,139.924560546875,0.0,,138.5244598388672,138.5244598388672,0.0,138.92535400390625,138.92535400390625,0.0,139.924560546875,139.924560546875,0.0,,30.0
Songs can be put in a container,j,1.0,1.0,1.0,0.0,'j',2.623671293258667,2.623671293258667,0.0,100.93894958496094,100.93894958496094,0.0,,100.43905639648438,100.43905639648438,0.0,,,,,,103.58798842781107,,103.58798842781107,,'space',0.16686539351940155,0.16686539351940155,0.0,103.58863067626953,103.58863067626953,0.0,,99.95577239990234,99.95577239990234,0.0,100.35563659667969,100.35563659667969,0.0,103.58863067626953,103.58863067626953,0.0,,14.0
Silence is composed of matter,j,0.0,,,,'--',,,,,,,'--',,,,'--','--',,,,'--','--','--','--','--',,,,,,,'--',,,,,,,,,,'--',
Thoughts are composed of matter,j,1.0,1.0,1.0,0.0,'j',0.44621211290359497,0.44621211290359497,0.0,144.87588500976562,144.87588500976562,0.0,,144.37416076660156,144.37416076660156,0.0,,,,,,145.34182399880956,,145.34182399880956,,'space',0.14355896413326263,0.14355896413326263,0.0,145.3424530029297,145.3424530029297,0.0,,143.8916015625,143.8916015625,0.0,144.2908477783203,144.2908477783203,0.0,145.3424530029297,145.3424530029297,0.0,,33.0
Words have a molecular structure,j,0.0,,,,'--',,,,,,,'--',,,,'--','--',,,,'--','--','--','--','--',,,,,,,'--',,,,,,,,,,'--',
Dreams have a molecular structure,j,0.0,,,,'--',,,,,,,'--',,,,'--','--',,,,'--','--','--','--','--',,,,,,,'--',,,,,,,,,,'--',
This sentence is written in English,f,1.0,1.0,1.0,0.0,'f',0.4544556736946106,0.4544556736946106,0.0,220.2298126220703,220.2298126220703,0.0,,219.72958374023438,219.72958374023438,0.0,,,,,,220.71294552579639,,220.71294552579639,,'space',0.11994927376508713,0.11994927376508713,0.0,220.7124481201172,220.7124481201172,0.0,,219.24595642089844,219.24595642089844,0.0,219.64642333984375,219.64642333984375,0.0,220.7124481201172,220.7124481201172,0.0,,62.0
A square is a shape,f,1.0,1.0,1.0,0.0,'f',0.3473491072654724,0.3473491072654724,0.0,168.99212646484375,168.99212646484375,0.0,,168.4927978515625,168.4927978515625,0.0,,,,,,169.35894063379965,,169.35894063379965,,'space',0.1732783168554306,0.1732783168554306,0.0,169.35911560058594,169.35911560058594,0.0,,168.0102081298828,168.0102081298828,0.0,168.4261932373047,168.4261932373047,0.0,169.35911560058594,169.35911560058594,0.0,,43.0
A triangle is a shape,f,1.0,1.0,1.0,0.0,'f',1.2014498710632324,1.2014498710632324,0.0,260.68328857421875,260.68328857421875,0.0,,260.1838073730469,260.1838073730469,0.0,,,,,,261.91650737580494,,261.91650737580494,,'space',0.09179136902093887,0.09179136902093887,0.0,261.91680908203125,261.91680908203125,0.0,,259.69976806640625,259.69976806640625,0.0,260.0998840332031,260.0998840332031,0.0,261.91680908203125,261.91680908203125,0.0,,76.0
A circle is a shape,f,0.0,,,,'--',,,,,,,'--',,,,'--','--',,,,'--','--','--','--','--',,,,,,,'--',,,,,,,,,,'--',
Dinosaurs are extinct,f,0.0,,,,'--',,,,,,,'--',,,,'--','--',,,,'--','--','--','--','--',,,,,,,'--',,,,,,,,,,'--',
Magenta is a color,f,1.0,1.0,1.0,0.0,'f',0.1747421771287918,0.1747421771287918,0.0,215.3799591064453,215.3799591064453,0.0,,214.8800811767578,214.8800811767578,0.0,,,,,,215.57996961279423,,215.57996961279423,,'space',0.12899711728096008,0.12899711728096008,0.0,215.58058166503906,215.58058166503906,0.0,,214.3970489501953,214.3970489501953,0.0,214.81344604492188,214.81344604492188,0.0,215.58058166503906,215.58058166503906,0.0,,60.0
Orange is a color,f,1.0,1.0,1.0,0.0,'f',1.1173489093780518,1.1173489093780518,0.0,202.4462127685547,202.4462127685547,0.0,,201.94569396972656,201.94569396972656,0.0,,,,,,203.57994177180808,,203.57994177180808,,'space',0.1439843624830246,0.1439843624830246,0.0,203.57931518554688,203.57931518554688,0.0,,201.47833251953125,201.47833251953125,0.0,201.8799591064453,201.8799591064453,0.0,203.57931518554688,203.57931518554688,0.0,,56.0
Yellow is a color,f,0.0,,,,'--',,,,,,,'--',,,,'--','--',,,,'--','--','--','--','--',,,,,,,'--',,,,,,,,,,'--',
Humans can drink water,f,1.0,1.0,1.0,0.0,'f',0.9568593502044678,0.9568593502044678,0.0,64.58527374267578,64.58527374267578,0.0,,64.0855484008789,64.0855484008789,0.0,,,,,,65.56816308980342,,65.56816308980342,,'space',0.3547869324684143,0.3547869324684143,0.0,65.56904602050781,65.56904602050781,0.0,,63.61911392211914,63.61911392211914,0.0,64.01890563964844,64.01890563964844,0.0,65.56904602050781,65.56904602050781,0.0,,3.0
Humans can eat food,f,0.0,,,,'--',,,,,,,'--',,,,'--','--',,,,'--','--','--','--','--',,,,,,,'--',,,,,,,,,,'--',
A clock is used to tell time,f,1.0,1.0,1.0,0.0,'f',0.6920385956764221,0.6920385956764221,0.0,235.04750061035156,235.04750061035156,0.0,,234.5488739013672,234.5488739013672,0.0,,,,,,235.76449827480246,,235.76449827480246,,'space',0.10216102004051208,0.10216102004051208,0.0,235.76507568359375,235.76507568359375,0.0,,234.06396484375,234.06396484375,0.0,234.46531677246094,234.46531677246094,0.0,235.76507568359375,235.76507568359375,0.0,,69.0
A motorcycle is a vehicle,f,1.0,1.0,1.0,0.0,'f',0.8839783668518066,0.8839783668518066,0.0,83.58792877197266,83.58792877197266,0.0,,83.08784484863281,83.08784484863281,0.0,,,,,,84.5036165358033,,84.5036165358033,,'space',0.25995272397994995,0.25995272397994995,0.0,84.50479125976562,84.50479125976562,0.0,,82.6037368774414,82.6037368774414,0.0,83.00447082519531,83.00447082519531,0.0,84.50479125976562,84.50479125976562,0.0,,9.0
A truck is a vehicle,f,0.0,,,,'--',,,,,,,'--',,,,'--','--',,,,'--','--','--','--','--',,,,,,,'--',,,,,,,,,,'--',
Jupiter is in our solar system,f,0.0,,,,'--',,,,,,,'--',,,,'--','--',,,,'--','--','--','--','--',,,,,,,'--',,,,,,,,,,'--',
The Earth is a planet,f,1.0,1.0,1.0,0.0,'f',0.48524582386016846,0.48524582386016846,0.0,146.49270629882812,146.49270629882812,0.0,,145.9921112060547,145.9921112060547,0.0,,,,,,147.00869695079746,,147.00869695079746,,'space',0.16281858086585999,0.16281858086585999,0.0,147.00888061523438,147.00888061523438,0.0,,145.50885009765625,145.50885009765625,0.0,145.90904235839844,145.90904235839844,0.0,147.00888061523438,147.00888061523438,0.0,,34.0
The United States is a country,f,1.0,1.0,1.0,0.0,'f',0.3483184576034546,0.3483184576034546,0.0,73.63721466064453,73.63721466064453,0.0,,73.13674926757812,73.13674926757812,0.0,,,,,,74.00353734981036,,74.00353734981036,,'space',0.35421738028526306,0.35421738028526306,0.0,74.00337219238281,74.00337219238281,0.0,,72.6528549194336,72.6528549194336,0.0,73.0540542602539,73.0540542602539,0.0,74.00337219238281,74.00337219238281,0.0,,6.0
The United States has a president,f,0.0,,,,'--',,,,,,,'--',,,,'--','--',,,,'--','--','--','--','--',,,,,,,'--',,,,,,,,,,'--',
There are fifty states in the United States,f,0.0,,,,'--',,,,,,,'--',,,,'--','--',,,,'--','--','--','--','--',,,,,,,'--',,,,,,,,,,'--',
Humans cannot breathe water,f,0.0,,,,'--',,,,,,,'--',,,,'--','--',,,,'--','--','--','--','--',,,,,,,'--',,,,,,,,,,'--',
A pencil is used to write,f,1.0,1.0,1.0,0.0,'f',1.3383418321609497,1.3383418321609497,0.0,148.17564392089844,148.17564392089844,0.0,,147.6754150390625,147.6754150390625,0.0,,,,,,149.5418189727934,,149.5418189727934,,'space',0.1778002828359604,0.1778002828359604,0.0,149.54278564453125,149.54278564453125,0.0,,147.19100952148438,147.19100952148438,0.0,147.5908203125,147.5908203125,0.0,149.54278564453125,149.54278564453125,0.0,,35.0
This sentence is written in Spanish,j,0.0,,,,'--',,,,,,,'--',,,,'--','--',,,,'--','--','--','--','--',,,,,,,'--',,,,,,,,,,'--',
A square is a color,j,1.0,1.0,1.0,0.0,'j',0.41616809368133545,0.41616809368133545,0.0,170.5594024658203,170.5594024658203,0.0,,170.05921936035156,170.05921936035156,0.0,,,,,,170.99282317078905,,170.99282317078905,,'space',0.12076634168624878,0.12076634168624878,0.0,170.99270629882812,170.99270629882812,0.0,,169.57762145996094,169.57762145996094,0.0,169.99232482910156,169.99232482910156,0.0,170.99270629882812,170.99270629882812,0.0,,44.0
A triangle is an animal,j,0.0,,,,'--',,,,,,,'--',,,,'--','--',,,,'--','--','--','--','--',,,,,,,'--',,,,,,,,,,'--',
A circle is a flavor,j,0.0,,,,'--',,,,,,,'--',,,,'--','--',,,,'--','--','--','--','--',,,,,,,'--',,,,,,,,,,'--',
Dinosaurs are not extinct,j,1.0,1.0,1.0,0.0,'j',0.5989410877227783,0.5989410877227783,0.0,268.7336120605469,268.7336120605469,0.0,,268.23309326171875,268.23309326171875,0.0,,,,,,269.35023773179273,,269.35023773179273,,'space',0.10641811043024063,0.10641811043024063,0.0,269.3498840332031,269.3498840332031,0.0,,267.7498474121094,267.7498474121094,0.0,268.14910888671875,268.14910888671875,0.0,269.3498840332031,269.3498840332031,0.0,,80.0
Magenta is a shape,j,0.0,,,,'--',,,,,,,'--',,,,'--','--',,,,'--','--','--','--','--',,,,,,,'--',,,,,,,,,,'--',
Orange is a shape,j,0.0,,,,'--',,,,,,,'--',,,,'--','--',,,,'--','--','--','--','--',,,,,,,'--',,,,,,,,,,'--',
Yellow is an animal,j,1.0,1.0,1.0,0.0,'j',4.29658842086792,4.29658842086792,0.0,188.46051025390625,188.46051025390625,0.0,,187.96163940429688,187.96163940429688,0.0,,,,,,192.7774514417979,,192.7774514417979,,'space',0.1136067807674408,0.1136067807674408,0.0,192.77833557128906,192.77833557128906,0.0,,187.47837829589844,187.47837829589844,0.0,187.87850952148438,187.87850952148438,0.0,192.77833557128906,192.77833557128906,0.0,,53.0
Humans can breathe water,j,1.0,1.0,1.0,0.0,'j',0.7320676445960999,0.7320676445960999,0.0,231.38107299804688,231.38107299804688,0.0,,230.88136291503906,230.88136291503906,0.0,,,,,,232.1309648907918,,232.1309648907918,,'space',0.06949405372142792,0.06949405372142792,0.0,232.13095092773438,232.13095092773438,0.0,,230.3983612060547,230.3983612060547,0.0,230.81495666503906,230.81495666503906,0.0,232.13095092773438,232.13095092773438,0.0,,67.0
Humans cannot eat food,j,1.0,1.0,1.0,0.0,'j',1.001818060874939,1.001818060874939,0.0,96.48919677734375,96.48919677734375,0.0,,95.9876480102539,95.9876480102539,0.0,,,,,,97.52223764979863,,97.52223764979863,,'space',0.10367043316364288,0.10367043316364288,0.0,97.52243041992188,97.52243041992188,0.0,,95.50386047363281,95.50386047363281,0.0,95.90413665771484,95.90413665771484,0.0,97.52243041992188,97.52243041992188,0.0,,12.0
A horse is used to tell time,j,1.0,1.0,1.0,0.0,'j',1.2398236989974976,1.2398236989974976,0.0,179.69400024414062,179.69400024414062,0.0,,179.1942901611328,179.1942901611328,0.0,,,,,,180.96032090680092,,180.96032090680092,,'space',0.1445246934890747,0.1445246934890747,0.0,180.96116638183594,180.96116638183594,0.0,,178.71070861816406,178.71070861816406,0.0,179.11090087890625,179.11090087890625,0.0,180.96116638183594,180.96116638183594,0.0,,49.0
A motorcycle is a person,j,1.0,1.0,1.0,0.0,'j',1.0507615804672241,1.0507615804672241,0.0,166.8098907470703,166.8098907470703,0.0,,166.3094482421875,166.3094482421875,0.0,,,,,,167.8919200648088,,167.8919200648088,,'space',0.07537983357906342,0.07537983357906342,0.0,167.893310546875,167.893310546875,0.0,,165.82704162597656,165.82704162597656,0.0,166.2260284423828,166.2260284423828,0.0,167.893310546875,167.893310546875,0.0,,42.0
A truck is an animal,j,0.0,,,,'--',,,,,,,'--',,,,'--','--',,,,'--','--','--','--','--',,,,,,,'--',,,,,,,,,,'--',
Jupiter is the planet we live on,j,1.0,1.0,1.0,0.0,'j',1.1315830945968628,1.1315830945968628,0.0,98.65441131591797,98.65441131591797,0.0,,98.1549072265625,98.1549072265625,0.0,,,,,,99.80484012278612,,99.80484012278612,,'space',0.12826114892959595,0.12826114892959595,0.0,99.80562591552734,99.80562591552734,0.0,,97.67230987548828,97.67230987548828,0.0,98.07279968261719,98.07279968261719,0.0,99.80562591552734,99.80562591552734,0.0,,13.0
The Earth is a star,j,1.0,1.0,1.0,0.0,'j',0.6783270239830017,0.6783270239830017,0.0,207.52976989746094,207.52976989746094,0.0,,207.02980041503906,207.02980041503906,0.0,,,,,,208.22858726180857,,208.22858726180857,,'space',0.10177980363368988,0.10177980363368988,0.0,208.22862243652344,208.22862243652344,0.0,,206.54620361328125,206.54620361328125,0.0,206.94619750976562,206.94619750976562,0.0,208.22862243652344,208.22862243652344,0.0,,58.0
Mississippi is a country,j,0.0,,,,'--',,,,,,,'--',,,,'--','--',,,,'--','--','--','--','--',,,,,,,'--',,,,,,,,,,'--',
The president of the United States is Oprah,j,0.0,,,,'--',,,,,,,'--',,,,'--','--',,,,'--','--','--','--','--',,,,,,,'--',,,,,,,,,,'--',
There are ninty states in the United States,j,0.0,,,,'--',,,,,,,'--',,,,'--','--',,,,'--','--','--','--','--',,,,,,,'--',,,,,,,,,,'--',
Humans can breathe water,j,0.0,,,,'--',,,,,,,'--',,,,'--','--',,,,'--','--','--','--','--',,,,,,,'--',,,,,,,,,,'--',
A zebra is used to write,j,1.0,1.0,1.0,0.0,'j',0.6719483733177185,0.6719483733177185,0.0,236.8813934326172,236.8813934326172,0.0,,236.38174438476562,236.38174438476562,0.0,,,,,,237.58057118181023,,237.58057118181023,,'space',0.12719124555587769,0.12719124555587769,0.0,237.5808563232422,237.5808563232422,0.0,,235.9154052734375,235.9154052734375,0.0,236.31463623046875,236.31463623046875,0.0,237.5808563232422,237.5808563232422,0.0,,70.0

extraInfo
participant,215450
date,2022_Feb_16_1650
expName,Scientific and Linguistic Understanding
psychopyVersion,2021.2.3
frameRate,59.850982067831815
